article_id,image_id,category,label_id,text_input,headline,abstract,body,caption,image_relpath,text_chars,clip_pred_id,vb_pred_id,clip_pred,vb_pred,clip_score,vb_score,clip_correct,vb_correct,f1_gain_proxy,case_type,priority
7502d651-75c8-53d4-bebb-e0fc586f20bc,7502d651-75c8-53d4-bebb-e0fc586f20bc,Well,23,"Headline: Parents of Kids With Down Syndrome, on Both Sides of Stares
Abstract: My daughter has Down syndrome, and people stare. I can't help staring at other people who have the same condition.
Body: Parents of Kids With Down Syndrome, on Both Sides of Stares We had been at Disneyland for just two hours and this woman was staring at my younger daughter, Sophie, who was 3 at the time. Sophie has Down syndrome -- and has always attracted attention, usually of the sidelong variety. But this was head-on. ""O.K.,"" I said to my husband, Ray, through clenched teeth. ""If that woman doesn't stop staring at Sophie I'm going to walk over and tell her: Yes. She has it. Why don't you take a picture?"" Ray looked at me, then at the woman, who was by then tending to several kids under 5. ""It doesn't really seem to me that she's staring at Sophie,"" he said. ""Anyhow, so what if she is? I always stare at people with Down syndrome."" It's true. He did. And so did I. Long and hard, any time I got the chance. In the checkout line at the grocery store, on the carousel at the mall. At the doctor's office. And definitely at Disneyland. For years, we've made an annual family trip there and I've looked forward to several things: the Peter Pan ride, a Mickey-shaped soft pretzel and some really good staring opportunities. I'm not proud of my staring habit, but I don't mind admitting it. Even though about 6,000 babies with Down syndrome are born every year in the United States, and more and more people with the condition marked by an extra 21st chromosome are mainstreamed in society all the time, I just don't see people with Down syndrome out in public on a regular basis. Neither does Rosemarie Garland-Thomson. A professor of English and bioethics at Emory University in Atlanta, she wrote a 2009 book, ""Staring: How We Look,"" about why we stare at people who are different from us. She argues that people stare at people with physical and intellectual disabilities for many reasons -- including to educate themselves about the unfamiliar. ""Stares are urgent efforts to make the unknown known, to render legible something that seems at first glance incomprehensible,"" writes Dr. Garland-Thomson, who has a disability and has been on the receiving end of staring. Her own disability is not easy to describe, she said. ""Most of the time,"" she explained, ""I say I just have unusual hands and arms that I've had since birth."" Ultimately, Dr. Garland-Thomson told me when we talked, ""what we want is for there to be so many people with disabilities out and about in the public world that we become a completely unremarkable sight."" On that first trip to Disneyland when Sophie was 3, my husband and I spent three solid days staring. There was only one other child at Sophie's school with Down syndrome, and in our town in Arizona we weren't used to seeing other people exhibiting the gait and facial features that often characterize having an extra 21st chromosome. But Disneyland draws all kinds of people, and it seems to have a special magic for people with special needs; it's clean, contained, accessible and fun. And there always seem to be several people there with Down syndrome. Each time I'd see someone with it, I'd immediately project into the future, and imagine Sophie becoming that person. At the end of our trip, Sophie and I went for a final spin on the carousel. I was so focused on getting her safely buckled in that I almost didn't notice the woman in the navy blue windbreaker. She was older than the others I'd seen that week, her scrunched up face with a tiny nose and almond-shaped eyes unmistakable under a tangle of dark hair. Her face was beaming with rare joy. She ran past us and I lost track of her. The ride began and Sophie squawked, then laughed. I laughed, too. As we left the carousel, I hugged Sophie hard. I wanted to show Ray the woman in the navy windbreaker, but she was gone. Down syndrome was still so raw and new for me. I thought about that woman for a long time after that. Somehow she made me feel like things were going to be O.K. And they were. Every trip since, Sophie has been able to do more at Disneyland. She walked, then ran, and one fateful year she kept her pull-up dry for the whole trip in exchange for the promise of princess underpants. I find myself staring less. I haven't stopped -- and I'm still on the lookout for other people with Down syndrome -- but I don't wonder as much about what Sophie will be like when she grows up. She's almost there. Oddly, I don't mind as much anymore when I can catch people staring at her. But for some perspective on the etiquette of staring, I checked in with Lizzie Post, co-president of the Emily Post Institute, based in Burlington, Vt. ""Most of us really don't like it,"" Ms. Post said of staring. ""Why is this stranger giving me so much attention?"" Ms. Post graciously said she understood why I did it -- and still do, sometimes. ""Obviously we're humans, we pay attention to each other,"" she said, adding that she considers me more an observer than a starer. But she cautioned that it's tough for others to tell the difference and advised becoming a ""sneaky starer,"" or, instead of lurking in the background, approaching the person and starting a conversation. Not long ago, I did just that. On a visit to Disneyland just shy of her 13th birthday, Sophie rode Space Mountain twice, although I'm pretty sure the Winnie the Pooh ride was still really her favorite. Just before we left the park, we had one last meal at the Golden Horseshoe in Frontierland, a place that serves chicken strips and loud bluegrass music. We all had our hands over our ears as we waited for our food, shoved elbow-to-elbow with other tourists.
Caption: The author's daughter Sophie on a recent Disney trip.","Parents of Kids With Down Syndrome, on Both Sides of Stares","My daughter has Down syndrome, and people stare. I can't help staring at other people who have the same condition.","Parents of Kids With Down Syndrome, on Both Sides of Stares We had been at Disneyland for just two hours and this woman was staring at my younger daughter, Sophie, who was 3 at the time. Sophie has Down syndrome -- and has always attracted attention, usually of the sidelong variety. But this was head-on. ""O.K.,"" I said to my husband, Ray, through clenched teeth. ""If that woman doesn't stop staring at Sophie I'm going to walk over and tell her: Yes. She has it. Why don't you take a picture?"" Ray looked at me, then at the woman, who was by then tending to several kids under 5. ""It doesn't really seem to me that she's staring at Sophie,"" he said. ""Anyhow, so what if she is? I always stare at people with Down syndrome."" It's true. He did. And so did I. Long and hard, any time I got the chance. In the checkout line at the grocery store, on the carousel at the mall. At the doctor's office. And definitely at Disneyland. For years, we've made an annual family trip there and I've looked forward to several things: the Peter Pan ride, a Mickey-shaped soft pretzel and some really good staring opportunities. I'm not proud of my staring habit, but I don't mind admitting it. Even though about 6,000 babies with Down syndrome are born every year in the United States, and more and more people with the condition marked by an extra 21st chromosome are mainstreamed in society all the time, I just don't see people with Down syndrome out in public on a regular basis. Neither does Rosemarie Garland-Thomson. A professor of English and bioethics at Emory University in Atlanta, she wrote a 2009 book, ""Staring: How We Look,"" about why we stare at people who are different from us. She argues that people stare at people with physical and intellectual disabilities for many reasons -- including to educate themselves about the unfamiliar. ""Stares are urgent efforts to make the unknown known, to render legible something that seems at first glance incomprehensible,"" writes Dr. Garland-Thomson, who has a disability and has been on the receiving end of staring. Her own disability is not easy to describe, she said. ""Most of the time,"" she explained, ""I say I just have unusual hands and arms that I've had since birth."" Ultimately, Dr. Garland-Thomson told me when we talked, ""what we want is for there to be so many people with disabilities out and about in the public world that we become a completely unremarkable sight."" On that first trip to Disneyland when Sophie was 3, my husband and I spent three solid days staring. There was only one other child at Sophie's school with Down syndrome, and in our town in Arizona we weren't used to seeing other people exhibiting the gait and facial features that often characterize having an extra 21st chromosome. But Disneyland draws all kinds of people, and it seems to have a special magic for people with special needs; it's clean, contained, accessible and fun. And there always seem to be several people there with Down syndrome. Each time I'd see someone with it, I'd immediately project into the future, and imagine Sophie becoming that person. At the end of our trip, Sophie and I went for a final spin on the carousel. I was so focused on getting her safely buckled in that I almost didn't notice the woman in the navy blue windbreaker. She was older than the others I'd seen that week, her scrunched up face with a tiny nose and almond-shaped eyes unmistakable under a tangle of dark hair. Her face was beaming with rare joy. She ran past us and I lost track of her. The ride began and Sophie squawked, then laughed. I laughed, too. As we left the carousel, I hugged Sophie hard. I wanted to show Ray the woman in the navy windbreaker, but she was gone. Down syndrome was still so raw and new for me. I thought about that woman for a long time after that. Somehow she made me feel like things were going to be O.K. And they were. Every trip since, Sophie has been able to do more at Disneyland. She walked, then ran, and one fateful year she kept her pull-up dry for the whole trip in exchange for the promise of princess underpants. I find myself staring less. I haven't stopped -- and I'm still on the lookout for other people with Down syndrome -- but I don't wonder as much about what Sophie will be like when she grows up. She's almost there. Oddly, I don't mind as much anymore when I can catch people staring at her. But for some perspective on the etiquette of staring, I checked in with Lizzie Post, co-president of the Emily Post Institute, based in Burlington, Vt. ""Most of us really don't like it,"" Ms. Post said of staring. ""Why is this stranger giving me so much attention?"" Ms. Post graciously said she understood why I did it -- and still do, sometimes. ""Obviously we're humans, we pay attention to each other,"" she said, adding that she considers me more an observer than a starer. But she cautioned that it's tough for others to tell the difference and advised becoming a ""sneaky starer,"" or, instead of lurking in the background, approaching the person and starting a conversation. Not long ago, I did just that. On a visit to Disneyland just shy of her 13th birthday, Sophie rode Space Mountain twice, although I'm pretty sure the Winnie the Pooh ride was still really her favorite. Just before we left the park, we had one last meal at the Golden Horseshoe in Frontierland, a place that serves chicken strips and loud bluegrass music. We all had our hands over our ears as we waited for our food, shoved elbow-to-elbow with other tourists.",The author's daughter Sophie on a recent Disney trip.,btl1/data/multimodal/n24news/raw/imgs/7502d651-75c8-53d4-bebb-e0fc586f20bc.jpg,5780,8,23,Television,Well,0.06336601,0.87941384,False,True,0.81604785,clip_wrong_visualbert_right,0
160af675-e90f-5f67-a6db-1732791a6094,160af675-e90f-5f67-a6db-1732791a6094,Well,23,"Headline: How to Do the Shortest Workout Possible
Abstract: Martin Gibala is the scientist we most have to thank for the popularity of very brief, very hard exercise.
Body: Super-short workouts are a favorite topic in this column. I have written about seven-minute, six-minute, four-minute, and even one-minute workouts. They are appealing because they require so little time, but they also demand straining effort. All of these workouts are built around the concept of high-intensity interval training, in which you push yourself almost to exhaustion for a brief spurt of minutes or seconds, and then rest and recover for a few minutes before repeating the intense interval. Athletes have long used interval sessions as part of a varied weekly training program to improve their competitiveness. But Dr. Gibala, a professor of kinesiology at McMaster University in Hamilton, Ontario, has helped to popularize the idea that we can rely on high-intensity intervals as our only exercise, and do very, very few of them while still improving our health and fitness. After six weeks of performing three of these sessions per week, for a total of 18 minutes of intense exercise tucked in to slightly longer periods of less intense exercise, the volunteers were significantly more aerobically fit and healthier, with improved blood pressure numbers and markers of muscular health. Because of Dr. Gibala's studies, I do some type of interval training most weeks now. I no longer have the excuse of skipping workouts because I'm too busy. Now Dr. Gibala has written a new book, ""The One-Minute Workout"" (co-authored with Christopher Shulgan), which will be published on Tuesday. It details his research and provides a number of different, high-intensity interval training workouts, in addition to the one-minute version. After reading the book (for which I provided an early reader's review but had no other involvement), I spoke with Dr. Gibala by phone from his office at McMaster University about what science does and does not yet understand about this type of exercise and about how he works out. Here are edited excerpts from our conversation. Q. Whenever I write about H.I.I.T., people ask me whether intense interval training is actually better for you than more-traditional longer, slower types of workouts. Is it? A. ""Better"" is a loaded word. I don't think we have proven that one type of exercise is substantially better for you than another, from a physiological standpoint. Both improve health and fitness. But one is far more time efficient. So if the obstacle keeping someone from exercise is time, then H.I.I.T. is the preferred exercise option. I think almost everyone can find a few minutes in their day for a short interval workout. But most of the studies you describe in your book involve stationary bicycling, which usually means a gym membership that not everyone has. Can other types of activity be adapted for H.I.I.T.? Absolutely. That's one of the great things about interval training. It only requires that for a brief period of time, you push yourself out of your comfort zone. You don't have to reach any set percentage of heart rate or anything like that. You just need to feel some brief discomfort. You can achieve that by running hard to the next signpost when you are out on a trail or picking up the pace while you are walking. In the book, we describe how different types of exercise can be used for H.I.I.T. We have even shown that you can complete a very effective H.I.I.T. program in a stairwell during your lunch break. Another question I often hear is about weight loss. Since the sessions are so short, does H.I.I.T. burn many calories? In general, exercise is not a huge contributor to weight control. People don't like to hear that, but it's true. It is much easier to cut calories in the diet than to burn large numbers of them with exercise of any kind. With H.I.I.T., there is some evidence that you develop a slight metabolic after-burn, meaning that for up to 24 hours after a session, you burn slightly more calories than if you had not exercised. But the numbers are small, so it's better to eat less if weight loss is a goal. Is one minute the shortest possible H.I.I.T. workout or will I be writing about a 30-second workout soon? I think one minute may be the limit. We are still looking for the exact sweet spot in terms of how little intense effort people can do and still get significant health and fitness benefits. So far, it looks as if three repetitions of 20-second intervals is the lowest effective load. But we are still experimenting. Stay tuned. What is your exercise routine? I do something physical every day, and it's not all H.I.I.T. I play a weekly hockey game. But life is busy. My wife works and we have young kids. So most of the time, it's intervals, sometimes on a stationary bike, sometimes on other equipment in my basement. I do high-speed pull-ups and push-ups. I'm like everyone else. I fit in as much exercise as I can, when I can, and that would be my advice to anyone.
Caption: Martin Gibala",How to Do the Shortest Workout Possible,"Martin Gibala is the scientist we most have to thank for the popularity of very brief, very hard exercise.","Super-short workouts are a favorite topic in this column. I have written about seven-minute, six-minute, four-minute, and even one-minute workouts. They are appealing because they require so little time, but they also demand straining effort. All of these workouts are built around the concept of high-intensity interval training, in which you push yourself almost to exhaustion for a brief spurt of minutes or seconds, and then rest and recover for a few minutes before repeating the intense interval. Athletes have long used interval sessions as part of a varied weekly training program to improve their competitiveness. But Dr. Gibala, a professor of kinesiology at McMaster University in Hamilton, Ontario, has helped to popularize the idea that we can rely on high-intensity intervals as our only exercise, and do very, very few of them while still improving our health and fitness. After six weeks of performing three of these sessions per week, for a total of 18 minutes of intense exercise tucked in to slightly longer periods of less intense exercise, the volunteers were significantly more aerobically fit and healthier, with improved blood pressure numbers and markers of muscular health. Because of Dr. Gibala's studies, I do some type of interval training most weeks now. I no longer have the excuse of skipping workouts because I'm too busy. Now Dr. Gibala has written a new book, ""The One-Minute Workout"" (co-authored with Christopher Shulgan), which will be published on Tuesday. It details his research and provides a number of different, high-intensity interval training workouts, in addition to the one-minute version. After reading the book (for which I provided an early reader's review but had no other involvement), I spoke with Dr. Gibala by phone from his office at McMaster University about what science does and does not yet understand about this type of exercise and about how he works out. Here are edited excerpts from our conversation. Q. Whenever I write about H.I.I.T., people ask me whether intense interval training is actually better for you than more-traditional longer, slower types of workouts. Is it? A. ""Better"" is a loaded word. I don't think we have proven that one type of exercise is substantially better for you than another, from a physiological standpoint. Both improve health and fitness. But one is far more time efficient. So if the obstacle keeping someone from exercise is time, then H.I.I.T. is the preferred exercise option. I think almost everyone can find a few minutes in their day for a short interval workout. But most of the studies you describe in your book involve stationary bicycling, which usually means a gym membership that not everyone has. Can other types of activity be adapted for H.I.I.T.? Absolutely. That's one of the great things about interval training. It only requires that for a brief period of time, you push yourself out of your comfort zone. You don't have to reach any set percentage of heart rate or anything like that. You just need to feel some brief discomfort. You can achieve that by running hard to the next signpost when you are out on a trail or picking up the pace while you are walking. In the book, we describe how different types of exercise can be used for H.I.I.T. We have even shown that you can complete a very effective H.I.I.T. program in a stairwell during your lunch break. Another question I often hear is about weight loss. Since the sessions are so short, does H.I.I.T. burn many calories? In general, exercise is not a huge contributor to weight control. People don't like to hear that, but it's true. It is much easier to cut calories in the diet than to burn large numbers of them with exercise of any kind. With H.I.I.T., there is some evidence that you develop a slight metabolic after-burn, meaning that for up to 24 hours after a session, you burn slightly more calories than if you had not exercised. But the numbers are small, so it's better to eat less if weight loss is a goal. Is one minute the shortest possible H.I.I.T. workout or will I be writing about a 30-second workout soon? I think one minute may be the limit. We are still looking for the exact sweet spot in terms of how little intense effort people can do and still get significant health and fitness benefits. So far, it looks as if three repetitions of 20-second intervals is the lowest effective load. But we are still experimenting. Stay tuned. What is your exercise routine? I do something physical every day, and it's not all H.I.I.T. I play a weekly hockey game. But life is busy. My wife works and we have young kids. So most of the time, it's intervals, sometimes on a stationary bike, sometimes on other equipment in my basement. I do high-speed pull-ups and push-ups. I'm like everyone else. I fit in as much exercise as I can, when I can, and that would be my advice to anyone.",Martin Gibala,btl1/data/multimodal/n24news/raw/imgs/160af675-e90f-5f67-a6db-1732791a6094.jpg,5067,8,23,Television,Well,0.06263507,0.8740936,False,True,0.8114585,clip_wrong_visualbert_right,0
eaae3e11-e52e-5bab-b9d9-7977e686cd89,eaae3e11-e52e-5bab-b9d9-7977e686cd89,Style,17,"Headline: There Are Too Many Celebrities. Here's How We're Dealing With Them as a Society.
Abstract: A million varieties of internet talk shows have bloomed to support our vast garden of celebrities.
Body: There Are Too Many Celebrities. Here's How We're Dealing With Them as a Society. ""Now, your press day is doing a lie-detector test, followed by trying out a new skill, followed by eating insane chicken wings,"" said Chris Schonberger, the creator of the talk show ""Hot Ones."" Sean Evans, the host of the show, added, ""Followed by building an Ikea desk."" On ""Hot Ones,"" A-list celebrities eat increasingly spicy chicken wings. It is one of the most popular of a crop of new talk shows that have shaken up the celebrity industrial complex. The passive celebrity interview is over. Now celebrities must work for their press -- or, at worst, they have to be interviewed by another celebrity. That's the case with ""Red Table Talk,"" a show hosted by Jada Pinkett Smith; her daughter, Willow; and her mother, Adrienne Banfield-Norris, known on the show as Gammy. These practices makes sense in the social media era. Instagram, Twitter and other platforms are designed to let fans feel closer to celebrities than ever before, and have allowed those celebrities a control over their personas that they did not previously have. So, the new shows do what they can to soothe -- or rattle -- celebrities into a state resembling authenticity. ""Hot Ones"" lives mostly on YouTube. ""Red Table Talk"" airs on Facebook. It has hosted top-tier guests including Gabrielle Union, Alicia Keys, T.I. and Will Smith, who is also Ms. Pinkett Smith's husband. In lieu of a hook like having to eat outlandishly spicy food, its creators are constantly in search of ways to connect authentically with audiences. This is a second generation of these new talk shows. Their predecessors included ""Billy on the Street"" (started in 2011), ""Comedians in Cars Getting Coffee"" (2012) and one of the earliest and most influential of the major online talk shows, ""Between Two Ferns"" (2008). That show was hosted by the actor and comedian Zach Galifianakis playing an ignorant, patronizing and unexpectedly aggressive version of himself. It laid the groundwork for the off-the-wall interview shows airing now, which all tend to elevate the host as a central element and have a willingness to grant celebrities an escape from rote questioning. (This differentiates them from the heyday of David Letterman, the host who was known for leaning into the banality of the talk-show format.) The so-called active celebrity interview also happens on the real TV, and much of its DNA evolved there. James Corden, the host of ""The Late Late Show,"" has found successful formats with his ""Carpool Karaoke"" and ""Spill Your Guts"" series. Jimmy Fallon has played games with his celebrity guests from the beginning of his run on ""The Tonight Show,"" in 2014, translating some games played with guests from ""Late Night With Jimmy Fallon."" Gavin Purcell, the showrunner of ""The Tonight Show,"" who also worked with Mr. Fallon on ""Late Night"" and pioneered these formats there, said that he had found that many celebrities enjoyed playing games like charades and catchphrase more than they did sitting passively for an interview. ""The vast majority of people who come to our show want to do these things,"" Mr. Purcell said. For BTS, he said, referring to the superstar K-pop group, ""and for a lot of people, the game part is the easier part. It's them getting to be a version of themselves where they get to relax."" Mr. Purcell marveled at the way that the various formats of shows like his had been disaggregated on the internet, released in components that made more sense online. ""It's been broken down into all these different formats now,"" he said. Mina Lefevre, the head of development and programming at Facebook, echoed that point, saying she sometimes refers to ""Red Table Talk"" as a ""deconstructed talk show."" ""We have the ability and the flexibility to have a topic and conversations continue throughout the week,"" she said. ""We might be able to give you a piece Monday and another piece Wednesday."" The work of comedians like Mr. Galifianakis resonates for emerging comics. ""'Between Two Ferns' is brilliant,"" said Amelia Dimoldenberg, the host of the British talk show ""Chicken Shop Date."" ""His character, that is what makes it. That's what I learned from that show. I knew it was up to my character to be the main point of difference from a regular chat show."" Ms. Dimoldenberg's show consists of its host flirting cluelessly (and in character) with British celebrities, most often musicians working in the electronic-hip-hop hybrid known as grime. Though the show is not as popular as its U.S. competitors, it's notable for the way in which it has grown through tapping into a specific subculture. Capturing an audience of music enthusiasts has given the show credibility, and has allowed Ms. Dimoldenberg to book better-known guests, including Daniel Kaluuya, the British star of ""Get Out"" and ""Queen and Slim."" Mr. Schonberger said that he and Mr. Evans had wanted to book hip-hop stars because of their own love for the genre, but that the show had also been helped by being a part of Complex, which has covered hip-hop extensively. Recently, during an episode in which the hosts answered viewer mail, Mr. Evans was asked to stop hosting ""pseudo-famous rappers who will only be relevant for a few months."" That prompted him to rattle off some of the biggest names that had been booked. Asked whether the show was in the process of turning away from the black celebrities it used to book more frequently, he said: ""We don't really want to be the 'Late Night' of the internet. We want to have one foot in the mainstream, one foot in the underground.""
Caption: Pete Davidson on &ldquo;Hot Ones.&rdquo;",There Are Too Many Celebrities. Here's How We're Dealing With Them as a Society.,A million varieties of internet talk shows have bloomed to support our vast garden of celebrities.,"There Are Too Many Celebrities. Here's How We're Dealing With Them as a Society. ""Now, your press day is doing a lie-detector test, followed by trying out a new skill, followed by eating insane chicken wings,"" said Chris Schonberger, the creator of the talk show ""Hot Ones."" Sean Evans, the host of the show, added, ""Followed by building an Ikea desk."" On ""Hot Ones,"" A-list celebrities eat increasingly spicy chicken wings. It is one of the most popular of a crop of new talk shows that have shaken up the celebrity industrial complex. The passive celebrity interview is over. Now celebrities must work for their press -- or, at worst, they have to be interviewed by another celebrity. That's the case with ""Red Table Talk,"" a show hosted by Jada Pinkett Smith; her daughter, Willow; and her mother, Adrienne Banfield-Norris, known on the show as Gammy. These practices makes sense in the social media era. Instagram, Twitter and other platforms are designed to let fans feel closer to celebrities than ever before, and have allowed those celebrities a control over their personas that they did not previously have. So, the new shows do what they can to soothe -- or rattle -- celebrities into a state resembling authenticity. ""Hot Ones"" lives mostly on YouTube. ""Red Table Talk"" airs on Facebook. It has hosted top-tier guests including Gabrielle Union, Alicia Keys, T.I. and Will Smith, who is also Ms. Pinkett Smith's husband. In lieu of a hook like having to eat outlandishly spicy food, its creators are constantly in search of ways to connect authentically with audiences. This is a second generation of these new talk shows. Their predecessors included ""Billy on the Street"" (started in 2011), ""Comedians in Cars Getting Coffee"" (2012) and one of the earliest and most influential of the major online talk shows, ""Between Two Ferns"" (2008). That show was hosted by the actor and comedian Zach Galifianakis playing an ignorant, patronizing and unexpectedly aggressive version of himself. It laid the groundwork for the off-the-wall interview shows airing now, which all tend to elevate the host as a central element and have a willingness to grant celebrities an escape from rote questioning. (This differentiates them from the heyday of David Letterman, the host who was known for leaning into the banality of the talk-show format.) The so-called active celebrity interview also happens on the real TV, and much of its DNA evolved there. James Corden, the host of ""The Late Late Show,"" has found successful formats with his ""Carpool Karaoke"" and ""Spill Your Guts"" series. Jimmy Fallon has played games with his celebrity guests from the beginning of his run on ""The Tonight Show,"" in 2014, translating some games played with guests from ""Late Night With Jimmy Fallon."" Gavin Purcell, the showrunner of ""The Tonight Show,"" who also worked with Mr. Fallon on ""Late Night"" and pioneered these formats there, said that he had found that many celebrities enjoyed playing games like charades and catchphrase more than they did sitting passively for an interview. ""The vast majority of people who come to our show want to do these things,"" Mr. Purcell said. For BTS, he said, referring to the superstar K-pop group, ""and for a lot of people, the game part is the easier part. It's them getting to be a version of themselves where they get to relax."" Mr. Purcell marveled at the way that the various formats of shows like his had been disaggregated on the internet, released in components that made more sense online. ""It's been broken down into all these different formats now,"" he said. Mina Lefevre, the head of development and programming at Facebook, echoed that point, saying she sometimes refers to ""Red Table Talk"" as a ""deconstructed talk show."" ""We have the ability and the flexibility to have a topic and conversations continue throughout the week,"" she said. ""We might be able to give you a piece Monday and another piece Wednesday."" The work of comedians like Mr. Galifianakis resonates for emerging comics. ""'Between Two Ferns' is brilliant,"" said Amelia Dimoldenberg, the host of the British talk show ""Chicken Shop Date."" ""His character, that is what makes it. That's what I learned from that show. I knew it was up to my character to be the main point of difference from a regular chat show."" Ms. Dimoldenberg's show consists of its host flirting cluelessly (and in character) with British celebrities, most often musicians working in the electronic-hip-hop hybrid known as grime. Though the show is not as popular as its U.S. competitors, it's notable for the way in which it has grown through tapping into a specific subculture. Capturing an audience of music enthusiasts has given the show credibility, and has allowed Ms. Dimoldenberg to book better-known guests, including Daniel Kaluuya, the British star of ""Get Out"" and ""Queen and Slim."" Mr. Schonberger said that he and Mr. Evans had wanted to book hip-hop stars because of their own love for the genre, but that the show had also been helped by being a part of Complex, which has covered hip-hop extensively. Recently, during an episode in which the hosts answered viewer mail, Mr. Evans was asked to stop hosting ""pseudo-famous rappers who will only be relevant for a few months."" That prompted him to rattle off some of the biggest names that had been booked. Asked whether the show was in the process of turning away from the black celebrities it used to book more frequently, he said: ""We don't really want to be the 'Late Night' of the internet. We want to have one foot in the mainstream, one foot in the underground.""",Pete Davidson on &ldquo;Hot Ones.&rdquo;,btl1/data/multimodal/n24news/raw/imgs/eaae3e11-e52e-5bab-b9d9-7977e686cd89.jpg,5857,0,17,Theater,Style,0.082886,0.8982004,False,True,0.8153144,clip_wrong_visualbert_right,0
cba96043-b7b9-5856-944f-6a6c6c7bd6ca,cba96043-b7b9-5856-944f-6a6c6c7bd6ca,Style,17,"Headline: Delayed Moves, Poolside Videos and Postmates Spon: The State of TikTok Collab Houses
Abstract: Gen Z influencers are settling into life in a shuttered Los Angeles.
Body: When Gianluca Conte, 20, a TikTok star with more than 2.4 million followers, left his home in Charlotte, N.C., on April 1 to move into a Los Angeles mansion with seven influencers, he didn't expect to be largely confined to the property for months. Sure, California was under statewide stay-at-home orders, but home was where he would be working anyway -- making videos with his new housemates -- and the precautions had to be lifting soon. The way most young creators see it, to make it big on the internet you need to be in Los Angeles, even if you're stuck indoors in the midst of a pandemic. ""You're just surrounded by influence,"" Mr. Conte said. ""In L.A., if you talk to four people, one is probably going to have over 100,000 followers on Instagram. Even people that don't prioritize social media have 20,000 followers from just being here in L.A."" That feeling has driven the rise of dozens of TikTok influencer collab houses: palatial dorms where the platform's young stars live, work and hustle to expand their social media empires. Influencer collab houses are nothing new -- several generations of YouTubers, Vine stars and streamers have lived and worked together since 2009 -- but Gen Z TikTok stars have embraced them to an extent that their predecessors did not. Collab houses make it easy for new arrivals to Los Angeles: They have a nice place to live, a built-in friend group and constant access to collaborators. And, if a management company or brand is sponsoring the house, the tenants may only have to produce a few TikToks and a YouTube video every week as a form of in-kind rent. Though parts of the state are slowly reopening, Los Angeles County is likely to be among the last to do so. Still, TikTok's rising influencers continue to flock there. And in the midst of widespread stay-at-home orders, their audience is bigger than ever: TikTok surpassed two billion downloads in March, after breaking the record for the most app installs in a quarter, according to the research firm Sensor Tower. ""This is the golden opportunity for whatever I want to do with my life,"" Mr. Conte said. ""I could continue to make videos at home from Charlotte and do brand deals, but I want to take this to the highest level I can. I feel like I'm already making progress since the second I landed here."" Since early December and as recently as last week, TikTok stars hailing from all around the country have snatched up houses in Los Angeles County's premier ZIP codes, hoping to capitalize on proximity to other talent. Now, they are sequestered in their plush residences for the foreseeable future. The all-male Sway House is holed up in a Bel Air mansion. Members of the Clubhouse, founded in part by the Hype House defector Daisy Keech, are isolating in a sprawling modern abode in Beverly Hills. FaZe Clan, a group of internet-savvy gamers, recently moved into Justin Bieber's former home in Burbank, complete with a massive yard, a pond and swimming pool. And 10 influencers, a mix of house members and friends, are currently isolating at the Hype House, the original TikTok collab house. While riding out the pandemic with your friends in a multimillion dollar mansion -- or compound, in some cases -- may sound fun, collab house members described the same disruptions of daily life felt by millions of people around the world. ""It's kind of surreal,"" said Abby Rao, 21, who started the Clubhouse with Ms. Keech. ""I'm wondering when it's going to end. I realize now how much we took for granted before. Just being able to go to our favorite beaches, take pictures and have picnics, or go see a movie."" Though people are spending more time than ever with their screens these days, creators have had to think outside the box to keep their audiences engaged. ""Last night we filmed a video where we pitched a tent and camped on top of the roof on top of our house,"" Ms. Rao said. The work helps pass the time, but there have been downsides to the exposure. In April, Ms. Rao faced online harassment from fans of her ex-boyfriend, a famous YouTuber, which has taken a toll on her mental health. Her mother moved into the collab house to support her, but she desperately misses her extended family in Louisiana, where she is from. ""I'm trying to stay busy and grateful,"" she said. ""We're very blessed."" Across town, members of the Sway House have been adjusting to a quieter life in isolation. ""To start off, there's a lot less parties,"" said Josh Richards, 18, a TikTok star with 17.5 million followers. ""The Sway Boys, we kind of live that lifestyle, we like to go out."" (Judging by their Instagram Stories, the house members appear to be having friends over. In a video posted Wednesday night, their houseguests danced to TikTok hits, played games of beer pong and shotgunned White Claw.) Since lockdown began in Los Angeles, Mr. Richards and his five housemates have seen their world shrink to the generous size of their 9,000-square-foot home. They've kept themselves occupied with paintball battles and games of Truth or Dare, all filmed for YouTube. As for food, ""it's Postmates and Uber Eats all day,"" Mr. Richards said. Brand deals and sponsored trips have evaporated, and collaborations between houses have all but disappeared. Diomi Cordero, a talent manager who oversees the Diomi House in North Hollywood, said that his clients are only allowed out for very select opportunities, and only if their collaborator has been isolated for at least two weeks. Two members of the Diomi House were recently invited to the Hype House to help redecorate Chase Hudson's bedroom; Mr. Cordero gave the influencers his blessing. ""If they have the clout,"" he said, ""I can't let the clout slip away."" Many creators have pushed back their plans in light of the pandemic. The Girls in the Valley, a female-only TikTok house, was on track for a late-March move and even held an opening party on March 12 at the Sugar Factory in Los Angeles featuring the pop star Doja Cat. Now, with their move-in date to be determined, the house's members have turned to weekly Zoom calls to stay in touch. Meanwhile, several new houses, including the Young Finesse Kids, the Alpha House and the Kids Next Door, have announced their formation over the last two months. Lucas Castellani, 22, is currently recruiting TikTokers to live in the $5 million Beverly Hills mansion that his parents own, which he has renamed the Vibe House. He worked with a legal team to set up talent contracts and has found someone to act as a house manager. ""We're going to follow C.D.C. guidelines about gatherings,"" Mr. Castellani said. ""I'm planning to launch the house at the end of this month if everything goes well."" Ms. Jacob said that influencers looking to move into a collab house managed by her company must first quarantine for a number of weeks and get tested for the coronavirus. (No collab house has yet had a confirmed case of coronavirus.) The Kids Next Door, seven Gen Z influencers who occupy a spacious modern mansion perched on a hill in Los Feliz, announced their formation on May 16 with a group Instagram account. Marcus Olin, 21, a TikTok star with 8.4 million followers and the house's founder, said that it's been a longtime dream of his to start a collab house. Mr. Olin grew up watching a generation of YouTube stars move to Los Angeles and make it big. He followed Jake Paul's ill-fated Team 10 house closely and considered how he would do things differently when he formed his own. Other TikTok stars say they were inspired by YouTuber collab houses including the Vlog Squad house and the Clout House. The digital talent studio that backed the Clubhouse and the Clubhouse Next (formerly the Click House), is already planning to open a third house this year focused on gaming influencers to compete with the FaZe House. And TalentX Entertainment, the management company behind the Sway House, is hoping to start two more collab houses as soon as the stay-at-home order lifts in Los Angeles. ""At the end of the day we're not going to do something that puts our influencers at risk,"" said Michael Gruen, vice president of talent at TalentX Entertainment. ""Safety has to be our first priority and we want to make sure when we do it, we do it the right way."" TikTokers have already begun plotting their content for when the county reopens. ""The first video I'll make we'll probably go down to Melrose or Santa Monica and we'll just mess around in public,"" Mr. Richards said. ""It's going to be really lively. I think the first day out of quarantine will be a video of its own.""
Caption: Members of the Kids Next Door collab house, which formed in mid-May. Top row, from left: Marcus Olin and Stephanie Margarucci. Middle row: Cameron Buchanan, Jesse Underhill and Jack Corcoran. Front row: Hailey Orona (a.k.a. Ona) and Brandon Westenberg. Above, Ms. Margarucci and Mr. Olin.","Delayed Moves, Poolside Videos and Postmates Spon: The State of TikTok Collab Houses",Gen Z influencers are settling into life in a shuttered Los Angeles.,"When Gianluca Conte, 20, a TikTok star with more than 2.4 million followers, left his home in Charlotte, N.C., on April 1 to move into a Los Angeles mansion with seven influencers, he didn't expect to be largely confined to the property for months. Sure, California was under statewide stay-at-home orders, but home was where he would be working anyway -- making videos with his new housemates -- and the precautions had to be lifting soon. The way most young creators see it, to make it big on the internet you need to be in Los Angeles, even if you're stuck indoors in the midst of a pandemic. ""You're just surrounded by influence,"" Mr. Conte said. ""In L.A., if you talk to four people, one is probably going to have over 100,000 followers on Instagram. Even people that don't prioritize social media have 20,000 followers from just being here in L.A."" That feeling has driven the rise of dozens of TikTok influencer collab houses: palatial dorms where the platform's young stars live, work and hustle to expand their social media empires. Influencer collab houses are nothing new -- several generations of YouTubers, Vine stars and streamers have lived and worked together since 2009 -- but Gen Z TikTok stars have embraced them to an extent that their predecessors did not. Collab houses make it easy for new arrivals to Los Angeles: They have a nice place to live, a built-in friend group and constant access to collaborators. And, if a management company or brand is sponsoring the house, the tenants may only have to produce a few TikToks and a YouTube video every week as a form of in-kind rent. Though parts of the state are slowly reopening, Los Angeles County is likely to be among the last to do so. Still, TikTok's rising influencers continue to flock there. And in the midst of widespread stay-at-home orders, their audience is bigger than ever: TikTok surpassed two billion downloads in March, after breaking the record for the most app installs in a quarter, according to the research firm Sensor Tower. ""This is the golden opportunity for whatever I want to do with my life,"" Mr. Conte said. ""I could continue to make videos at home from Charlotte and do brand deals, but I want to take this to the highest level I can. I feel like I'm already making progress since the second I landed here."" Since early December and as recently as last week, TikTok stars hailing from all around the country have snatched up houses in Los Angeles County's premier ZIP codes, hoping to capitalize on proximity to other talent. Now, they are sequestered in their plush residences for the foreseeable future. The all-male Sway House is holed up in a Bel Air mansion. Members of the Clubhouse, founded in part by the Hype House defector Daisy Keech, are isolating in a sprawling modern abode in Beverly Hills. FaZe Clan, a group of internet-savvy gamers, recently moved into Justin Bieber's former home in Burbank, complete with a massive yard, a pond and swimming pool. And 10 influencers, a mix of house members and friends, are currently isolating at the Hype House, the original TikTok collab house. While riding out the pandemic with your friends in a multimillion dollar mansion -- or compound, in some cases -- may sound fun, collab house members described the same disruptions of daily life felt by millions of people around the world. ""It's kind of surreal,"" said Abby Rao, 21, who started the Clubhouse with Ms. Keech. ""I'm wondering when it's going to end. I realize now how much we took for granted before. Just being able to go to our favorite beaches, take pictures and have picnics, or go see a movie."" Though people are spending more time than ever with their screens these days, creators have had to think outside the box to keep their audiences engaged. ""Last night we filmed a video where we pitched a tent and camped on top of the roof on top of our house,"" Ms. Rao said. The work helps pass the time, but there have been downsides to the exposure. In April, Ms. Rao faced online harassment from fans of her ex-boyfriend, a famous YouTuber, which has taken a toll on her mental health. Her mother moved into the collab house to support her, but she desperately misses her extended family in Louisiana, where she is from. ""I'm trying to stay busy and grateful,"" she said. ""We're very blessed."" Across town, members of the Sway House have been adjusting to a quieter life in isolation. ""To start off, there's a lot less parties,"" said Josh Richards, 18, a TikTok star with 17.5 million followers. ""The Sway Boys, we kind of live that lifestyle, we like to go out."" (Judging by their Instagram Stories, the house members appear to be having friends over. In a video posted Wednesday night, their houseguests danced to TikTok hits, played games of beer pong and shotgunned White Claw.) Since lockdown began in Los Angeles, Mr. Richards and his five housemates have seen their world shrink to the generous size of their 9,000-square-foot home. They've kept themselves occupied with paintball battles and games of Truth or Dare, all filmed for YouTube. As for food, ""it's Postmates and Uber Eats all day,"" Mr. Richards said. Brand deals and sponsored trips have evaporated, and collaborations between houses have all but disappeared. Diomi Cordero, a talent manager who oversees the Diomi House in North Hollywood, said that his clients are only allowed out for very select opportunities, and only if their collaborator has been isolated for at least two weeks. Two members of the Diomi House were recently invited to the Hype House to help redecorate Chase Hudson's bedroom; Mr. Cordero gave the influencers his blessing. ""If they have the clout,"" he said, ""I can't let the clout slip away."" Many creators have pushed back their plans in light of the pandemic. The Girls in the Valley, a female-only TikTok house, was on track for a late-March move and even held an opening party on March 12 at the Sugar Factory in Los Angeles featuring the pop star Doja Cat. Now, with their move-in date to be determined, the house's members have turned to weekly Zoom calls to stay in touch. Meanwhile, several new houses, including the Young Finesse Kids, the Alpha House and the Kids Next Door, have announced their formation over the last two months. Lucas Castellani, 22, is currently recruiting TikTokers to live in the $5 million Beverly Hills mansion that his parents own, which he has renamed the Vibe House. He worked with a legal team to set up talent contracts and has found someone to act as a house manager. ""We're going to follow C.D.C. guidelines about gatherings,"" Mr. Castellani said. ""I'm planning to launch the house at the end of this month if everything goes well."" Ms. Jacob said that influencers looking to move into a collab house managed by her company must first quarantine for a number of weeks and get tested for the coronavirus. (No collab house has yet had a confirmed case of coronavirus.) The Kids Next Door, seven Gen Z influencers who occupy a spacious modern mansion perched on a hill in Los Feliz, announced their formation on May 16 with a group Instagram account. Marcus Olin, 21, a TikTok star with 8.4 million followers and the house's founder, said that it's been a longtime dream of his to start a collab house. Mr. Olin grew up watching a generation of YouTube stars move to Los Angeles and make it big. He followed Jake Paul's ill-fated Team 10 house closely and considered how he would do things differently when he formed his own. Other TikTok stars say they were inspired by YouTuber collab houses including the Vlog Squad house and the Clout House. The digital talent studio that backed the Clubhouse and the Clubhouse Next (formerly the Click House), is already planning to open a third house this year focused on gaming influencers to compete with the FaZe House. And TalentX Entertainment, the management company behind the Sway House, is hoping to start two more collab houses as soon as the stay-at-home order lifts in Los Angeles. ""At the end of the day we're not going to do something that puts our influencers at risk,"" said Michael Gruen, vice president of talent at TalentX Entertainment. ""Safety has to be our first priority and we want to make sure when we do it, we do it the right way."" TikTokers have already begun plotting their content for when the county reopens. ""The first video I'll make we'll probably go down to Melrose or Santa Monica and we'll just mess around in public,"" Mr. Richards said. ""It's going to be really lively. I think the first day out of quarantine will be a video of its own.""","Members of the Kids Next Door collab house, which formed in mid-May. Top row, from left: Marcus Olin and Stephanie Margarucci. Middle row: Cameron Buchanan, Jesse Underhill and Jack Corcoran. Front row: Hailey Orona (a.k.a. Ona) and Brandon Westenberg. Above, Ms. Margarucci and Mr. Olin.",btl1/data/multimodal/n24news/raw/imgs/cba96043-b7b9-5856-944f-6a6c6c7bd6ca.jpg,9044,4,17,Fashion & Style,Style,0.112515494,0.87609357,False,True,0.76357806,clip_wrong_visualbert_right,0
3f3d5a9e-5172-5a02-be2e-0824fc9bdcd0,3f3d5a9e-5172-5a02-be2e-0824fc9bdcd0,Education,22,"Headline: Teachers' Unions Fight Standardized Testing, and Find Diverse Allies
Abstract: Often painted as obstacles to improving schools, the unions now find common ground with parents who object to testing and conservatives who oppose the Common Core.
Body: In Florida, the teachers' union has lobbied to limit the use of standardized tests, and the governor last week signed a bill that limits the number of hours students can spend taking them. The union in New Jersey financed an advertising campaign in which a grim-faced father talks about his son crying because of tests. And in New York, where local unions have worked closely with parent groups that oppose testing, the president of the state union went so far as to urge parents to opt out of the annual tests, which began last week. After several years in which teachers' unions have been hammered on the issue of tenure, have lost collective bargaining rights in some states and have seen their evaluations increasingly tied to student scores, they have begun, with some success, to reassert themselves using a bread-and-butter issue: the annual tests given to elementary and middle school students in every state. The teachers' push on testing comes as Congress is debating how to revise the 2001 No Child Left Behind law, which requires that schools demonstrate annual progress on test scores and prescribed measures for schools deemed failing, from mandatory tutoring to closing. Lawmakers are considering a bill that removes the most punitive consequences for schools and makes clear that states do not have to use test scores to evaluate teachers. Critics of the campaigns against testing, including many state and local education officials, say the unions are not acting out of concern for children but are trying to undercut efforts to institute tougher evaluations. They argue that annual testing is critical for tracking how effectively schools are educating poor and minority students and that evaluations based only on subjective criteria like observations typically fail to identify weak teachers. ""It's right at the point when we finally actually have the kind of improved tests that so many folks petitioned for and advocated for for years,"" said Jonah Edelman, the chief executive of Stand for Children, an advocacy group that supports charter schools and teacher evaluations that incorporate test scores. Mr. Edelman said that the organization supports legislation to reduce unnecessary testing, but ""encouraging parents to opt out is not an effort to reduce overtesting."" Nelson Lichtenstein, a labor historian at the University of California, Santa Barbara, said the unions' strategy on testing follows years in which they have been under assault, by conservative leaders and by the bipartisan education-reform movement that has painted unions as a central obstacle to improving schools. Scott Walker, the Wisconsin governor and possible presidential candidate, stoked national attention when he stripped collective-bargaining rights from most public-sector unions, including teachers. But testing, Mr. Lichtenstein said, offers unions a way to join forces both with parents who object to testing and with Republicans who oppose the Common Core standards as a federalization of education. ""It is a powerful issue, by virtue of the fact that the right is also against it,"" he said. Secky Fascione, director of organizing for the National Education Association, the largest nationwide teachers' union, said reining in testing was the union's top organizing priority. In the past month, Ms. Fascione said, chapters in 27 states have organized against testing, including holding rallies; petition drives; showings of ""Standardized,"" a documentary critical of testing; and sessions telling parents they have a right to keep their children from taking tests, as tens of thousands of parents around the country have done. ""Does it give us a platform?"" said Karen E. Magee, the president of New York State United Teachers. ""Absolutely."" Her union began agitating more vocally against testing after Gov. Andrew M. Cuomo, denouncing an evaluation system in which 96 percent of teachers received good ratings, proposed increasing the weight of test scores in teacher evaluations. The union argued that it was not fair to make test scores so big a part of a teacher's rating because many factors outside the classroom can influence scores. Although the State Legislature ultimately settled on a compromise, the union seemed to win the public relations battle. Polls found that more voters sided with the union on education policies than with Mr. Cuomo. The union followed up with automated calls to its members, encouraging those with children in the grades that take the tests, third through eighth, to keep their children out of the exams. Although official numbers have not yet been released, it is likely that many more parents in New York State are keeping their children out of the tests than did last year, particularly in wealthy suburbs and neighborhoods of New York City. One advocacy group estimated, based on news and parent reports and information from local officials, that more than 150,000 students, or more than 15 percent of the testing grades, sat out the English exams last week. The math exams are being given this week. Some education officials have tried to discourage teachers who have advocated for opting out. In Rochester, a district official asked principals to identify teachers who had sent emails or made phone calls to parents encouraging them to opt out, or who ""you have evidence as utilizing their classrooms as 'political soapboxes.' "" The Florida education commissioner warned that ""certain willful opt-out behaviors may warrant disciplinary action"" against teachers. Around the country, individual union leaders are approaching the issue with varying levels of fervor. Lily Eskelsen Garcia, president of the National Education Association, and Randi Weingarten, president of the other major teachers' group, the American Federation of Teachers, say they support parents' right to opt their children out of the tests but have not gone as far as Ms. Magee and some local chapters in encouraging parents to do so. In Kentucky, where the education commissioner has said parents do not have the right to opt their children out of tests, the state union is not pushing back. ""We have to have an assessment of standards,"" said Stephanie Winkler, president of the Kentucky Education Association. She added that parents could not ""pick and choose"" which parts of public education they wanted their children to participate in.
Caption: Protesters at the Capitol criticize Gov. Andrew M. Cuomo's desire to tie school funds to proposed changes in teacher evaluations.","Teachers' Unions Fight Standardized Testing, and Find Diverse Allies","Often painted as obstacles to improving schools, the unions now find common ground with parents who object to testing and conservatives who oppose the Common Core.","In Florida, the teachers' union has lobbied to limit the use of standardized tests, and the governor last week signed a bill that limits the number of hours students can spend taking them. The union in New Jersey financed an advertising campaign in which a grim-faced father talks about his son crying because of tests. And in New York, where local unions have worked closely with parent groups that oppose testing, the president of the state union went so far as to urge parents to opt out of the annual tests, which began last week. After several years in which teachers' unions have been hammered on the issue of tenure, have lost collective bargaining rights in some states and have seen their evaluations increasingly tied to student scores, they have begun, with some success, to reassert themselves using a bread-and-butter issue: the annual tests given to elementary and middle school students in every state. The teachers' push on testing comes as Congress is debating how to revise the 2001 No Child Left Behind law, which requires that schools demonstrate annual progress on test scores and prescribed measures for schools deemed failing, from mandatory tutoring to closing. Lawmakers are considering a bill that removes the most punitive consequences for schools and makes clear that states do not have to use test scores to evaluate teachers. Critics of the campaigns against testing, including many state and local education officials, say the unions are not acting out of concern for children but are trying to undercut efforts to institute tougher evaluations. They argue that annual testing is critical for tracking how effectively schools are educating poor and minority students and that evaluations based only on subjective criteria like observations typically fail to identify weak teachers. ""It's right at the point when we finally actually have the kind of improved tests that so many folks petitioned for and advocated for for years,"" said Jonah Edelman, the chief executive of Stand for Children, an advocacy group that supports charter schools and teacher evaluations that incorporate test scores. Mr. Edelman said that the organization supports legislation to reduce unnecessary testing, but ""encouraging parents to opt out is not an effort to reduce overtesting."" Nelson Lichtenstein, a labor historian at the University of California, Santa Barbara, said the unions' strategy on testing follows years in which they have been under assault, by conservative leaders and by the bipartisan education-reform movement that has painted unions as a central obstacle to improving schools. Scott Walker, the Wisconsin governor and possible presidential candidate, stoked national attention when he stripped collective-bargaining rights from most public-sector unions, including teachers. But testing, Mr. Lichtenstein said, offers unions a way to join forces both with parents who object to testing and with Republicans who oppose the Common Core standards as a federalization of education. ""It is a powerful issue, by virtue of the fact that the right is also against it,"" he said. Secky Fascione, director of organizing for the National Education Association, the largest nationwide teachers' union, said reining in testing was the union's top organizing priority. In the past month, Ms. Fascione said, chapters in 27 states have organized against testing, including holding rallies; petition drives; showings of ""Standardized,"" a documentary critical of testing; and sessions telling parents they have a right to keep their children from taking tests, as tens of thousands of parents around the country have done. ""Does it give us a platform?"" said Karen E. Magee, the president of New York State United Teachers. ""Absolutely."" Her union began agitating more vocally against testing after Gov. Andrew M. Cuomo, denouncing an evaluation system in which 96 percent of teachers received good ratings, proposed increasing the weight of test scores in teacher evaluations. The union argued that it was not fair to make test scores so big a part of a teacher's rating because many factors outside the classroom can influence scores. Although the State Legislature ultimately settled on a compromise, the union seemed to win the public relations battle. Polls found that more voters sided with the union on education policies than with Mr. Cuomo. The union followed up with automated calls to its members, encouraging those with children in the grades that take the tests, third through eighth, to keep their children out of the exams. Although official numbers have not yet been released, it is likely that many more parents in New York State are keeping their children out of the tests than did last year, particularly in wealthy suburbs and neighborhoods of New York City. One advocacy group estimated, based on news and parent reports and information from local officials, that more than 150,000 students, or more than 15 percent of the testing grades, sat out the English exams last week. The math exams are being given this week. Some education officials have tried to discourage teachers who have advocated for opting out. In Rochester, a district official asked principals to identify teachers who had sent emails or made phone calls to parents encouraging them to opt out, or who ""you have evidence as utilizing their classrooms as 'political soapboxes.' "" The Florida education commissioner warned that ""certain willful opt-out behaviors may warrant disciplinary action"" against teachers. Around the country, individual union leaders are approaching the issue with varying levels of fervor. Lily Eskelsen Garcia, president of the National Education Association, and Randi Weingarten, president of the other major teachers' group, the American Federation of Teachers, say they support parents' right to opt their children out of the tests but have not gone as far as Ms. Magee and some local chapters in encouraging parents to do so. In Kentucky, where the education commissioner has said parents do not have the right to opt their children out of tests, the state union is not pushing back. ""We have to have an assessment of standards,"" said Stephanie Winkler, president of the Kentucky Education Association. She added that parents could not ""pick and choose"" which parts of public education they wanted their children to participate in.",Protesters at the Capitol criticize Gov. Andrew M. Cuomo's desire to tie school funds to proposed changes in teacher evaluations.,btl1/data/multimodal/n24news/raw/imgs/3f3d5a9e-5172-5a02-be2e-0824fc9bdcd0.jpg,6761,11,22,Opinion,Education,0.07507412,0.9471334,False,True,0.8720593,clip_wrong_visualbert_right,0
f1e8aff9-2603-5e7e-826a-37315228c300,f1e8aff9-2603-5e7e-826a-37315228c300,Education,22,"Headline: William E. Macaulay, 74, Booster of Tuition-Free Education, Dies
Abstract: A billionaire energy investor, he gave opportunities to thousands of select City University of New York students with a $30 million gift.
Body: William E. Macaulay, a billionaire energy investor whose record $30 million gift to the City University of New York has given thousands of select students the same opportunity he was accorded a half-century ago as a middle-class teenager from the Bronx -- to graduate tuition free from an elite college -- died on Nov. 26 at a hospital in Cleveland. He was 74. The cause was a heart attack, his daughter Elizabeth Macaulay-Lewis said. Mr. Macaulay made his fortune in energy company buyouts, overseeing the transformation of the First Reserve Corporation, which he acquired in 1983, into one of the field's largest private-equity firms. He was chief executive until 2015, shared the title until 2017, and had been executive chairman since then. He and his wife, Linda, also contributed to the American Museum of Natural History (she was a co-chairwoman of the board); the Rogosin Institute, a kidney treatment and research center, at NewYork-Presbyterian Hospital and Weill Cornell Medical College; and the Macaulay Library at the Cornell University Laboratory of Ornithology. (The couple were avid bird watchers, logging 6,625 species in 147 countries.) Mr. Macaulay especially prided himself on what may be his most enduring legacy: the highly selective college, founded in 1999, at which the most promising students from eight of the City University's senior campuses receive additional academic mentoring and financial support.
Caption: William E. Macaulay in 2013 at his office in Greenwich, Conn. His $30 million gift to the City University of New York helped make sure tuition was free to a select group of honors students.","William E. Macaulay, 74, Booster of Tuition-Free Education, Dies","A billionaire energy investor, he gave opportunities to thousands of select City University of New York students with a $30 million gift.","William E. Macaulay, a billionaire energy investor whose record $30 million gift to the City University of New York has given thousands of select students the same opportunity he was accorded a half-century ago as a middle-class teenager from the Bronx -- to graduate tuition free from an elite college -- died on Nov. 26 at a hospital in Cleveland. He was 74. The cause was a heart attack, his daughter Elizabeth Macaulay-Lewis said. Mr. Macaulay made his fortune in energy company buyouts, overseeing the transformation of the First Reserve Corporation, which he acquired in 1983, into one of the field's largest private-equity firms. He was chief executive until 2015, shared the title until 2017, and had been executive chairman since then. He and his wife, Linda, also contributed to the American Museum of Natural History (she was a co-chairwoman of the board); the Rogosin Institute, a kidney treatment and research center, at NewYork-Presbyterian Hospital and Weill Cornell Medical College; and the Macaulay Library at the Cornell University Laboratory of Ornithology. (The couple were avid bird watchers, logging 6,625 species in 147 countries.) Mr. Macaulay especially prided himself on what may be his most enduring legacy: the highly selective college, founded in 1999, at which the most promising students from eight of the City University's senior campuses receive additional academic mentoring and financial support.","William E. Macaulay in 2013 at his office in Greenwich, Conn. His $30 million gift to the City University of New York helped make sure tuition was free to a select group of honors students.",btl1/data/multimodal/n24news/raw/imgs/f1e8aff9-2603-5e7e-826a-37315228c300.jpg,1859,15,22,Art & Design,Education,0.07223332,0.92641264,False,True,0.8541793,clip_wrong_visualbert_right,0
222cb0b3-e909-5527-bcab-7912df03bd55,222cb0b3-e909-5527-bcab-7912df03bd55,Your Money,20,"Headline: How to Apply for the Public Service Loan Forgiveness Fix-It Fund
Abstract: The Education Department just explained how the ""temporarily expanded"" program for student loans will work, using $350 million that Congress set aside.
Body: The public service loan forgiveness program dismisses any remaining balance (free of income taxes on the forgiven debt) for any decade-long public servant (all government and most nonprofit employees) who meets three additional criteria. First, those 120 payments have to be on time and in the exact amount due. Second, you need to have the right kind of loan: Only federal direct loans qualify, not Perkins loans or the old Federal Family Education Loans (or FFELs, as they are known in education circles). Nothing about the fix-it fund changes any of this. The third criterion is where there is now some wiggle room. You're also supposed to be in the right kind of repayment plan during those 120 months, namely one in which your payment depends on your income and thus fluctuates each year depending on what you can afford to pay. Many borrowers got bad advice from loan servicers about enrolling in repayment plans and ended up in graduated or extended repayment plans that were supposed to be ineligible. So now comes the fix-it fund. It could allow some of the people who were in a list of formerly ineligible repayment plans into the loan forgiveness program if they apply for the exception before the $350 million runs out (or after Congress allocates more money, if that ever happens). Only people who paid more than they would have under an income-driven repayment plan on their most recent monthly loan payment and the one 12 months ago (and thus were consistently overpaying, in effect) will be eligible. If this sounds like it applies to you, you need to do the following things in the following order. First, you need to make 120 on-time payments in the right job, with the right loan; you can't go looking for relief yet if you've made only 90 payments, even if you already know that 30 of them, five or more years ago, were in the wrong repayment plan. Then, you need to ask FedLoan, your servicer, to begin formal forgiveness proceedings. It will then reject you for being in the wrong repayment plan for part or all of that 120-month period. Only once that happens can you apply for the money, by sending an email to FedLoan. (The address is on the Department of Education's website.) The department has a template there that you can follow.
Caption: Michael Mitchell, a clinical social worker and counseling psychotherapist who lives in Manhattan, had his loans forgiven under a complicated federal program. Others have not been so lucky.",How to Apply for the Public Service Loan Forgiveness Fix-It Fund,"The Education Department just explained how the ""temporarily expanded"" program for student loans will work, using $350 million that Congress set aside.","The public service loan forgiveness program dismisses any remaining balance (free of income taxes on the forgiven debt) for any decade-long public servant (all government and most nonprofit employees) who meets three additional criteria. First, those 120 payments have to be on time and in the exact amount due. Second, you need to have the right kind of loan: Only federal direct loans qualify, not Perkins loans or the old Federal Family Education Loans (or FFELs, as they are known in education circles). Nothing about the fix-it fund changes any of this. The third criterion is where there is now some wiggle room. You're also supposed to be in the right kind of repayment plan during those 120 months, namely one in which your payment depends on your income and thus fluctuates each year depending on what you can afford to pay. Many borrowers got bad advice from loan servicers about enrolling in repayment plans and ended up in graduated or extended repayment plans that were supposed to be ineligible. So now comes the fix-it fund. It could allow some of the people who were in a list of formerly ineligible repayment plans into the loan forgiveness program if they apply for the exception before the $350 million runs out (or after Congress allocates more money, if that ever happens). Only people who paid more than they would have under an income-driven repayment plan on their most recent monthly loan payment and the one 12 months ago (and thus were consistently overpaying, in effect) will be eligible. If this sounds like it applies to you, you need to do the following things in the following order. First, you need to make 120 on-time payments in the right job, with the right loan; you can't go looking for relief yet if you've made only 90 payments, even if you already know that 30 of them, five or more years ago, were in the wrong repayment plan. Then, you need to ask FedLoan, your servicer, to begin formal forgiveness proceedings. It will then reject you for being in the wrong repayment plan for part or all of that 120-month period. Only once that happens can you apply for the money, by sending an email to FedLoan. (The address is on the Department of Education's website.) The department has a template there that you can follow.","Michael Mitchell, a clinical social worker and counseling psychotherapist who lives in Manhattan, had his loans forgiven under a complicated federal program. Others have not been so lucky.",btl1/data/multimodal/n24news/raw/imgs/222cb0b3-e909-5527-bcab-7912df03bd55.jpg,2700,8,20,Television,Your Money,0.073583566,0.96267706,False,True,0.8890935,clip_wrong_visualbert_right,0
fa422197-b3c9-591a-81a2-b15506cd2eb1,fa422197-b3c9-591a-81a2-b15506cd2eb1,Your Money,20,"Headline: Is Early Retirement Great? For Some, It's Hard Work to Have Fun
Abstract: Early retirement and a life of leisure may sound like the stuff of daydreams, but the reality can be jarring for people used to being busy and important.
Body: For the first few months after Jon Helmuth retired three years ago, he slept late, acquired a tan and showered at odd times. Actually, some days he didn't bother to shower at all. After that pleasantly aimless interval, Mr. Helmuth, a divorced father of four who is now 45, began organizing his five-bedroom house in the woods of Vandalia, Mich., a village near the Indiana border. But once he alphabetized the spice rack and finished making an easy chair out of castoff designer jeans, ""I started running out of things to do,"" he said. Those who recall their own freshman year of retirement will, perhaps, nod knowingly and sympathetically. Been there, done that. But the situation is different when you retire very early -- too early even to get your first membership solicitation from AARP. While early retirement and a life of leisure may sound like the stuff of daydreams, the reality can be jarring for people who are used to being busy -- and important. There can be boredom, a sense of isolation and a lot of awkward social questions. Mr. Helmuth, for instance, was only 42 when he sold his stake in Genesis Products, an Elkhart, Ind.-based manufacturer of wood and laminate doors, furniture and other components that he helped found in 2002. ""I used to be kind of a big deal, and now I'm not,"" Mr. Helmuth said, adding that he left with around $5 million. ""I don't need to work again as long as I'm not incredibly stupid,"" he said. Then again, the people who might either want to help him spend his money or resent his good fortune tend to be busy -- with jobs. ""I feel like all my buddies are at school and I'm at home with mono,"" he said. ""And there are no retirement homes for 45-year-olds."" Early retirees are an anomaly, said Sara E. Rix, a former senior strategic adviser for AARP who is now a consultant to nonprofits. ""The trend is in the other direction,"" she added. According to the Bureau of Labor Statistics, the work force participation rate for people in the 65-to-69 age range increased to 32.1 percent in 2015, from 18.4 percent in 1985. Those who choose to clock out a good 10, 20 or 25 years ahead of schedule rarely have financial worries -- otherwise, presumably, they would still be on the payroll. They have lived within their means and saved enough to carry them through, or, like Mr. Helmuth, they have cashed out of a business. Maybe they have come into an inheritance or have a spouse who is still bringing home a paycheck. But they do have other concerns: What's the best response to strangers at parties who ask, ""So what do you do?"" How do they handle peers' curiosity (can you really afford to do this at your age?) and envy (so you really CAN afford to do this!)? What kind of message are they sending their children? For Donna Buxton, who had a very demanding job in computer operations in the health care industry until her retirement at 46, the big issue was guilt. Never mind that her husband, Michael, who at the time was the president of a forging company, was doing well enough on his own to support the family -- the couple has one daughter -- and was encouraging her to walk away. ""I had a very strong work ethic, and I felt I should be contributing to the household in a financial way,"" said Ms. Buxton, now 55, who lives in Villa Park, Calif. ""But my husband kept repeating to me that he didn't want me to work for the sake of working -- he wanted me to work only if I were passionate about it."" Her passion had been dampened by the round-the-clock nature of her job. ""The stress level was so high, and it was taking such a huge toll on the family, that we decided it wasn't worth it anymore,"" Ms. Buxton said. Since retiring, she has become involved in civic affairs and joined a golf group and a health club. She has had some job offers, ""but,"" she said, ""I was so burned out I turned them down."" * Locast, a nonprofit streaming service for local TV, is shutting down * Capital One's chief executive was fined after being called a 'repeat offender.' Stress reduction was also what Al Villeta was after when he retired last year, at 52, from his job as a UPS driver and porter in Forest Hills, Queens. The most he ever made in a year, Mr. Villeta said, was $80,000; on average it was $60,000 to $65,000. But his family lived frugally, and he and his wife (who is still working as a department head at a long-term health care facility) had invested in real estate, which provides a steady and predictable income stream. ""Sometimes I feel awkward saying 'I'm retired' because people will say, 'You look so young to be retired,'"" said Mr. Villeta, who has two adult children. ""Or they're thinking, 'How much could a UPS driver make that he could have enough to retire?'"" With his contemporaries still in the work force, Mr. Villeta now pals around with men 30 years his senior. ""I've petitioned my wife to give up her job, but she feels very connected to the people she works with,"" he said. ""Sometimes I feel lonely during the day, so I got a dog, which was very helpful. He keeps me company and gets me out of the house a little bit."" For some young retirees, family issues drive the decision to exit the work force. When Mr. Helmuth's marriage broke up in 2012, ""I felt I needed some resetting,"" he recalled. ""I wasn't feeling great about my work-life balance,"" he added. ""My business partner wanted to double down and do a lot of additional expansion, and I was like, 'Hey, go for it.' We separated on good terms."" Matters can be particularly fraught for those young retirees who worked in a highly successful family business that was sold in advance of the founder's death. ""I have 35- and 40-year-old clients who are inheriting great sums of money, and they're not going to be sending out their resumes again,"" said Ricardo J. Armijo, a senior vice president and portfolio manager in the Birmingham, Mich., office of UBS. ""A lot of them take up biking or playing golf and tennis because their contemporaries are working during the day."" This type of schedule, Mr. Armijo said, can lead them to ""questions like, 'How do I set a good example for my children?' and 'Am I being a productive?' because they come from families of go-getters."" According to Mr. Armijo, these young retirees tend to take extra care with their investments. ""They don't make decisions on the spot, as perhaps they did before,"" when they still were working and had income from their jobs, he said. If they had a bad streak in the market, they could recoup. ""But now their attitude is, 'This money is it,'"" Mr. Armijo continued. ""They don't want to be known to future generations as the ancestor who lost the family fortune."" There is an adjustment period to this new reality. ""But after a few years,"" Mr. Armijo said, ""they get used to their new situation in life, and the following years are very fulfilling."" That's a common theme. ""I never wanted to go back to work,"" said Sue Tafler, 69, of Lexington, Mass., who was 51 when she retired from Prentice-Hall as a textbook editor and began volunteering at her synagogue instead. But not everyone is so emphatic, she acknowledged: ""I have friends who've retired and take part-time jobs -- they can't let go."" Retiring happily is one thing, of course, and announcing it loudly and proudly is quite another. ""It took four or five years before I could say I was retired,"" Ms. Buxton said. ""I would just say, 'I'm not working right now.'""
Caption: Al Villeta was 52 when he retired last year from his job as a UPS driver and porter. He was a little lonely but made friends with men 30 years his senior and got a dog.","Is Early Retirement Great? For Some, It's Hard Work to Have Fun","Early retirement and a life of leisure may sound like the stuff of daydreams, but the reality can be jarring for people used to being busy and important.","For the first few months after Jon Helmuth retired three years ago, he slept late, acquired a tan and showered at odd times. Actually, some days he didn't bother to shower at all. After that pleasantly aimless interval, Mr. Helmuth, a divorced father of four who is now 45, began organizing his five-bedroom house in the woods of Vandalia, Mich., a village near the Indiana border. But once he alphabetized the spice rack and finished making an easy chair out of castoff designer jeans, ""I started running out of things to do,"" he said. Those who recall their own freshman year of retirement will, perhaps, nod knowingly and sympathetically. Been there, done that. But the situation is different when you retire very early -- too early even to get your first membership solicitation from AARP. While early retirement and a life of leisure may sound like the stuff of daydreams, the reality can be jarring for people who are used to being busy -- and important. There can be boredom, a sense of isolation and a lot of awkward social questions. Mr. Helmuth, for instance, was only 42 when he sold his stake in Genesis Products, an Elkhart, Ind.-based manufacturer of wood and laminate doors, furniture and other components that he helped found in 2002. ""I used to be kind of a big deal, and now I'm not,"" Mr. Helmuth said, adding that he left with around $5 million. ""I don't need to work again as long as I'm not incredibly stupid,"" he said. Then again, the people who might either want to help him spend his money or resent his good fortune tend to be busy -- with jobs. ""I feel like all my buddies are at school and I'm at home with mono,"" he said. ""And there are no retirement homes for 45-year-olds."" Early retirees are an anomaly, said Sara E. Rix, a former senior strategic adviser for AARP who is now a consultant to nonprofits. ""The trend is in the other direction,"" she added. According to the Bureau of Labor Statistics, the work force participation rate for people in the 65-to-69 age range increased to 32.1 percent in 2015, from 18.4 percent in 1985. Those who choose to clock out a good 10, 20 or 25 years ahead of schedule rarely have financial worries -- otherwise, presumably, they would still be on the payroll. They have lived within their means and saved enough to carry them through, or, like Mr. Helmuth, they have cashed out of a business. Maybe they have come into an inheritance or have a spouse who is still bringing home a paycheck. But they do have other concerns: What's the best response to strangers at parties who ask, ""So what do you do?"" How do they handle peers' curiosity (can you really afford to do this at your age?) and envy (so you really CAN afford to do this!)? What kind of message are they sending their children? For Donna Buxton, who had a very demanding job in computer operations in the health care industry until her retirement at 46, the big issue was guilt. Never mind that her husband, Michael, who at the time was the president of a forging company, was doing well enough on his own to support the family -- the couple has one daughter -- and was encouraging her to walk away. ""I had a very strong work ethic, and I felt I should be contributing to the household in a financial way,"" said Ms. Buxton, now 55, who lives in Villa Park, Calif. ""But my husband kept repeating to me that he didn't want me to work for the sake of working -- he wanted me to work only if I were passionate about it."" Her passion had been dampened by the round-the-clock nature of her job. ""The stress level was so high, and it was taking such a huge toll on the family, that we decided it wasn't worth it anymore,"" Ms. Buxton said. Since retiring, she has become involved in civic affairs and joined a golf group and a health club. She has had some job offers, ""but,"" she said, ""I was so burned out I turned them down."" * Locast, a nonprofit streaming service for local TV, is shutting down * Capital One's chief executive was fined after being called a 'repeat offender.' Stress reduction was also what Al Villeta was after when he retired last year, at 52, from his job as a UPS driver and porter in Forest Hills, Queens. The most he ever made in a year, Mr. Villeta said, was $80,000; on average it was $60,000 to $65,000. But his family lived frugally, and he and his wife (who is still working as a department head at a long-term health care facility) had invested in real estate, which provides a steady and predictable income stream. ""Sometimes I feel awkward saying 'I'm retired' because people will say, 'You look so young to be retired,'"" said Mr. Villeta, who has two adult children. ""Or they're thinking, 'How much could a UPS driver make that he could have enough to retire?'"" With his contemporaries still in the work force, Mr. Villeta now pals around with men 30 years his senior. ""I've petitioned my wife to give up her job, but she feels very connected to the people she works with,"" he said. ""Sometimes I feel lonely during the day, so I got a dog, which was very helpful. He keeps me company and gets me out of the house a little bit."" For some young retirees, family issues drive the decision to exit the work force. When Mr. Helmuth's marriage broke up in 2012, ""I felt I needed some resetting,"" he recalled. ""I wasn't feeling great about my work-life balance,"" he added. ""My business partner wanted to double down and do a lot of additional expansion, and I was like, 'Hey, go for it.' We separated on good terms."" Matters can be particularly fraught for those young retirees who worked in a highly successful family business that was sold in advance of the founder's death. ""I have 35- and 40-year-old clients who are inheriting great sums of money, and they're not going to be sending out their resumes again,"" said Ricardo J. Armijo, a senior vice president and portfolio manager in the Birmingham, Mich., office of UBS. ""A lot of them take up biking or playing golf and tennis because their contemporaries are working during the day."" This type of schedule, Mr. Armijo said, can lead them to ""questions like, 'How do I set a good example for my children?' and 'Am I being a productive?' because they come from families of go-getters."" According to Mr. Armijo, these young retirees tend to take extra care with their investments. ""They don't make decisions on the spot, as perhaps they did before,"" when they still were working and had income from their jobs, he said. If they had a bad streak in the market, they could recoup. ""But now their attitude is, 'This money is it,'"" Mr. Armijo continued. ""They don't want to be known to future generations as the ancestor who lost the family fortune."" There is an adjustment period to this new reality. ""But after a few years,"" Mr. Armijo said, ""they get used to their new situation in life, and the following years are very fulfilling."" That's a common theme. ""I never wanted to go back to work,"" said Sue Tafler, 69, of Lexington, Mass., who was 51 when she retired from Prentice-Hall as a textbook editor and began volunteering at her synagogue instead. But not everyone is so emphatic, she acknowledged: ""I have friends who've retired and take part-time jobs -- they can't let go."" Retiring happily is one thing, of course, and announcing it loudly and proudly is quite another. ""It took four or five years before I could say I was retired,"" Ms. Buxton said. ""I would just say, 'I'm not working right now.'""",Al Villeta was 52 when he retired last year from his job as a UPS driver and porter. He was a little lonely but made friends with men 30 years his senior and got a dog.,btl1/data/multimodal/n24news/raw/imgs/fa422197-b3c9-591a-81a2-b15506cd2eb1.jpg,7833,16,20,Sports,Your Money,0.07351055,0.95239085,False,True,0.8788803,clip_wrong_visualbert_right,0
